Raw User ID,Inner User ID
31,0
96,1
176,2
215,3
260,4
279,5
284,6
318,7
342,8
370,9
398,10
425,11
466,12
551,13
572,14
596,15
614,16
631,17
669,18
692,19
710,20
735,21
768,22
786,23
808,24
828,25
829,26
843,27
866,28
887,29
898,30
910,31
964,32
969,33
975,34
979,35
1141,36
1161,37
1239,38
1268,39
1271,40
1277,41
1339,42
1344,43
1468,44
1551,45
1588,46
1629,47
1644,48
1678,49
1687,50
1704,51
1705,52
1721,53
1734,54
1741,55
1848,56
1853,57
1877,58
1948,59
1958,60
1966,61
2138,62
2161,63
2223,64
2269,65
2270,66
2295,67
2299,68
2301,69
2310,70
2367,71
2421,72
2423,73
2517,74
2544,75
2606,76
2650,77
2651,78
2742,79
2813,80
2928,81
2930,82
2988,83
3004,84
3020,85
3029,86
3031,87
3038,88
3127,89
3149,90
3156,91
3163,92
3203,93
3220,94
3240,95
3251,96
3257,97
3289,98
3358,99
3386,100
3397,101
3419,102
3453,103
3490,104
3563,105
3589,106
3676,107
3797,108
3858,109
3867,110
3884,111
3990,112
4039,113
4063,114
4087,115
4089,116
4222,117
4223,118
4257,119
4274,120
4281,121
4450,122
4464,123
4488,124
4515,125
4541,126
4563,127
4575,128
4587,129
4605,130
4658,131
4660,132
4752,133
4759,134
4793,135
4812,136
4822,137
4829,138
4877,139
4910,140
4967,141
5036,142
5080,143
5107,144
5109,145
5130,146
5138,147
5160,148
5192,149
5208,150
5288,151
5347,152
5378,153
5417,154
5442,155
5495,156
5514,157
5517,158
5731,159
5763,160
5800,161
5832,162
5840,163
5841,164
5871,165
5973,166
6088,167
6112,168
6148,169
6166,170
6184,171
6233,172
6250,173
6390,174
6441,175
6507,176
6632,177
6646,178
6788,179
6838,180
6881,181
6894,182
6899,183
6915,184
6961,185
7036,186
7042,187
7064,188
7066,189
7175,190
7207,191
7208,192
7365,193
7404,194
7434,195
7443,196
7474,197
7481,198
7497,199
7545,200
7565,201
7601,202
7607,203
7611,204
7648,205
7748,206
7784,207
8025,208
8075,209
8083,210
8127,211
8132,212
8151,213
8165,214
8178,215
8211,216
8287,217
8405,218
8418,219
8465,220
8488,221
8534,222
8549,223
8582,224
8601,225
8701,226
8727,227
8813,228
8878,229
8892,230
8944,231
8963,232
8966,233
8977,234
9034,235
9040,236
9060,237
9062,238
9087,239
9253,240
9277,241
9410,242
9430,243
9454,244
9510,245
9562,246
9565,247
9573,248
9579,249
9594,250
9628,251
9690,252
9701,253
9720,254
9731,255
9797,256
9815,257
9919,258
9982,259
10007,260
10080,261
10119,262
10157,263
10164,264
10191,265
10208,266
10233,267
10303,268
10339,269
10415,270
10443,271
10448,272
10485,273
10486,274
10502,275
10508,276
10514,277
10616,278
10734,279
10754,280
10759,281
10769,282
10771,283
10781,284
10788,285
10863,286
10874,287
10876,288
10902,289
10993,290
11084,291
11085,292
11097,293
11112,294
11200,295
11232,296
11248,297
11250,298
11288,299
11322,300
11337,301
11357,302
11406,303
11443,304
11464,305
11506,306
11517,307
11529,308
11560,309
11585,310
11623,311
11679,312
11680,313
11761,314
11823,315
11850,316
11851,317
11867,318
11871,319
11878,320
11890,321
11917,322
11966,323
12026,324
12100,325
12128,326
12131,327
12158,328
12163,329
12172,330
12227,331
12265,332
12320,333
12352,334
12383,335
12407,336
12419,337
12421,338
12426,339
12461,340
12486,341
12563,342
12597,343
12633,344
12638,345
12687,346
12780,347
12832,348
12941,349
12969,350
13000,351
13134,352
13137,353
13140,354
13215,355
13244,356
13257,357
13263,358
13285,359
13426,360
13431,361
13442,362
13443,363
13494,364
13500,365
13565,366
13572,367
13629,368
13800,369
13870,370
13942,371
13965,372
14045,373
14052,374
14080,375
14081,376
14091,377
14103,378
14141,379
14193,380
14205,381
14302,382
14361,383
14371,384
14374,385
14403,386
14420,387
14449,388
14469,389
14488,390
14506,391
14517,392
14616,393
14641,394
14684,395
14707,396
14714,397
14723,398
14729,399
14791,400
14792,401
14916,402
14925,403
14992,404
15030,405
15158,406
15175,407
15186,408
15217,409
15260,410
15299,411
15319,412
15339,413
15391,414
15418,415
15442,416
15449,417
15479,418
15500,419
15516,420
15550,421
15701,422
15720,423
15737,424
15745,425
15783,426
15844,427
15884,428
15908,429
15918,430
15920,431
15948,432
15982,433
16057,434
16059,435
16085,436
16092,437
16108,438
16133,439
16137,440
16144,441
16189,442
16216,443
16281,444
16356,445
16417,446
16501,447
16555,448
16577,449
16586,450
16606,451
16676,452
16684,453
16686,454
16724,455
16743,456
16796,457
16824,458
16920,459
16939,460
16978,461
16990,462
17002,463
17040,464
17043,465
17078,466
17109,467
17111,468
17136,469
17182,470
17192,471
17243,472
17308,473
17320,474
17354,475
17378,476
17506,477
17522,478
17534,479
17552,480
17571,481
17583,482
17640,483
17667,484
17696,485
17776,486
17782,487
17820,488
17852,489
17877,490
17888,491
17906,492
17986,493
18064,494
18128,495
18152,496
18300,497
18354,498
18359,499
18389,500
18434,501
18437,502
18496,503
18504,504
18515,505
18532,506
18611,507
18624,508
18631,509
18642,510
18674,511
18688,512
18706,513
18711,514
18756,515
18763,516
18808,517
18830,518
18900,519
18906,520
18907,521
18998,522
19020,523
19063,524
19089,525
19103,526
19139,527
19205,528
19284,529
19298,530
19320,531
19419,532
19522,533
19551,534
19560,535
19564,536
19566,537
19590,538
19669,539
19680,540
19711,541
19722,542
19754,543
19818,544
19923,545
19948,546
20017,547
20113,548
20128,549
20148,550
20180,551
20246,552
20265,553
20290,554
20300,555
20315,556
20343,557
20361,558
20365,559
20382,560
20451,561
20506,562
20530,563
20577,564
20786,565
20848,566
20903,567
20916,568
20974,569
21058,570
21098,571
21127,572
21156,573
21163,574
21194,575
21208,576
21210,577
21251,578
21263,579
21271,580
21278,581
21282,582
21284,583
21301,584
21353,585
21391,586
21395,587
21398,588
21487,589
21542,590
21556,591
21598,592
21672,593
21682,594
21721,595
21841,596
21853,597
21891,598
21914,599
21921,600
22025,601
22080,602
22146,603
22164,604
22173,605
22191,606
22205,607
22213,608
22246,609
22261,610
22287,611
22294,612
22318,613
22323,614
22338,615
22352,616
22377,617
22454,618
22501,619
22580,620
22594,621
22600,622
22618,623
22693,624
22835,625
22913,626
22921,627
22963,628
22989,629
23021,630
23023,631
23028,632
23039,633
23046,634
23061,635
23070,636
23076,637
23079,638
23089,639
23124,640
23149,641
23155,642
23158,643
23180,644
23190,645
23206,646
23285,647
23323,648
23333,649
23343,650
23372,651
23399,652
23421,653
23431,654
23435,655
23443,656
23461,657
23504,658
23518,659
23527,660
23599,661
23613,662
23616,663
23669,664
23707,665
23714,666
23841,667
23866,668
23890,669
23918,670
23921,671
23923,672
23930,673
23955,674
23964,675
23982,676
24016,677
24022,678
24036,679
24112,680
24116,681
24124,682
24140,683
24143,684
24243,685
24245,686
24327,687
24371,688
24378,689
24397,690
24460,691
24557,692
24578,693
24594,694
24646,695
24688,696
24691,697
24753,698
24769,699
24777,700
24797,701
24805,702
24842,703
24851,704
24876,705
24945,706
24952,707
24973,708
24994,709
25000,710
25002,711
25019,712
25027,713
25089,714
25109,715
25130,716
25180,717
25207,718
25313,719
25345,720
25472,721
25514,722
25538,723
25562,724
25591,725
25645,726
25676,727
25685,728
25699,729
25740,730
25746,731
25759,732
25821,733
25859,734
25880,735
25906,736
25978,737
25992,738
26004,739
26117,740
26138,741
26146,742
26160,743
26193,744
26220,745
26241,746
26445,747
26452,748
26475,749
26497,750
26518,751
26609,752
26732,753
26763,754
26779,755
26808,756
26867,757
26881,758
26883,759
26898,760
26921,761
26932,762
26934,763
26994,764
27038,765
27102,766
27118,767
27126,768
27135,769
27159,770
27251,771
27365,772
27380,773
27399,774
27454,775
27457,776
27469,777
27482,778
27483,779
27632,780
27634,781
27647,782
27649,783
27662,784
27738,785
27764,786
27815,787
27816,788
27835,789
27860,790
27885,791
27898,792
27943,793
27958,794
27981,795
27983,796
28024,797
28070,798
28125,799
28141,800
28142,801
28184,802
28195,803
28260,804
28335,805
28447,806
28503,807
28511,808
28529,809
28548,810
28550,811
28571,812
28594,813
28656,814
28658,815
28665,816
28672,817
28688,818
28698,819
28778,820
28780,821
28802,822
28835,823
28860,824
28886,825
28906,826
28916,827
28957,828
29063,829
29086,830
29096,831
29100,832
29104,833
29217,834
29310,835
29378,836
29394,837
29464,838
29473,839
29481,840
29545,841
29548,842
29549,843
29557,844
29707,845
29762,846
29921,847
29937,848
29957,849
30032,850
30068,851
30092,852
30115,853
30160,854
30204,855
30210,856
30214,857
30225,858
30250,859
30317,860
30376,861
30428,862
30450,863
30470,864
30507,865
30510,866
30539,867
30567,868
30604,869
30615,870
30631,871
30634,872
30641,873
30705,874
30725,875
30731,876
30894,877
30915,878
30965,879
30976,880
30998,881
31122,882
31165,883
31181,884
31243,885
31262,886
31273,887
31367,888
31377,889
31386,890
31390,891
31406,892
31411,893
31434,894
31476,895
31532,896
31573,897
31589,898
31697,899
31718,900
31731,901
31781,902
31782,903
31845,904
31891,905
31903,906
31921,907
31922,908
31929,909
32022,910
32057,911
32094,912
32132,913
32148,914
32284,915
32341,916
32391,917
32422,918
32487,919
32507,920
32514,921
32538,922
32593,923
32595,924
32621,925
32632,926
32675,927
32686,928
32688,929
32689,930
32739,931
32785,932
32850,933
32853,934
32899,935
32941,936
32984,937
33032,938
33061,939
33082,940
33086,941
33104,942
33119,943
33205,944
33257,945
33323,946
33367,947
33502,948
33516,949
33547,950
33604,951
33610,952
33654,953
33690,954
33712,955
33729,956
33751,957
33803,958
33903,959
33918,960
33936,961
33962,962
34051,963
34060,964
34143,965
34168,966
34191,967
34202,968
34217,969
34267,970
34328,971
34334,972
34402,973
34463,974
34490,975
34547,976
34579,977
34613,978
34637,979
34694,980
34720,981
34739,982
34775,983
34826,984
34837,985
34847,986
34856,987
34862,988
34868,989
34882,990
35018,991
35035,992
35050,993
35063,994
35099,995
35109,996
35135,997
35136,998
35170,999
35200,1000
35208,1001
35211,1002
35227,1003
35245,1004
35296,1005
35331,1006
35417,1007
35433,1008
35475,1009
35489,1010
35501,1011
35572,1012
35601,1013
35613,1014
35640,1015
35664,1016
35705,1017
35711,1018
35716,1019
35758,1020
35778,1021
35783,1022
35834,1023
35844,1024
35849,1025
35973,1026
35985,1027
35990,1028
36003,1029
36025,1030
36036,1031
36069,1032
36128,1033
36205,1034
36231,1035
36275,1036
36281,1037
36289,1038
36308,1039
36349,1040
36350,1041
36394,1042
36410,1043
36481,1044
36495,1045
36505,1046
36526,1047
36566,1048
36585,1049
36590,1050
36677,1051
36724,1052
36725,1053
36738,1054
36815,1055
36869,1056
36920,1057
37062,1058
37105,1059
37145,1060
37164,1061
37250,1062
37264,1063
37283,1064
37339,1065
37472,1066
37485,1067
37508,1068
37543,1069
37559,1070
37594,1071
37682,1072
37722,1073
37760,1074
37791,1075
37888,1076
37899,1077
37929,1078
37956,1079
37957,1080
38037,1081
38082,1082
38121,1083
38125,1084
38184,1085
38200,1086
38264,1087
38304,1088
38319,1089
38383,1090
38414,1091
38479,1092
38577,1093
38673,1094
38704,1095
38787,1096
38798,1097
38817,1098
38939,1099
38987,1100
39017,1101
39024,1102
39093,1103
39122,1104
39181,1105
39214,1106
39240,1107
39306,1108
39345,1109
39429,1110
39430,1111
39449,1112
39455,1113
39519,1114
39542,1115
39572,1116
39579,1117
39627,1118
39670,1119
39712,1120
39828,1121
39849,1122
39854,1123
39916,1124
39926,1125
39969,1126
40033,1127
40071,1128
40119,1129
40183,1130
40189,1131
40216,1132
40272,1133
40395,1134
40441,1135
40466,1136
40472,1137
40504,1138
40529,1139
40532,1140
40574,1141
40606,1142
40618,1143
40633,1144
40721,1145
40764,1146
40768,1147
40779,1148
40826,1149
40847,1150
40887,1151
40922,1152
41046,1153
41079,1154
41084,1155
41114,1156
41131,1157
41160,1158
41165,1159
41196,1160
41213,1161
41249,1162
41267,1163
41273,1164
41281,1165
41291,1166
41322,1167
41347,1168
41367,1169
41407,1170
41430,1171
41451,1172
41458,1173
41486,1174
41499,1175
41545,1176
41556,1177
41613,1178
41641,1179
41666,1180
41669,1181
41703,1182
41719,1183
41756,1184
41800,1185
41850,1186
41852,1187
41891,1188
41923,1189
41938,1190
41941,1191
42003,1192
42029,1193
42088,1194
42134,1195
42152,1196
42193,1197
42215,1198
42229,1199
42245,1200
42260,1201
42286,1202
42294,1203
42338,1204
42366,1205
42369,1206
42429,1207
42439,1208
42491,1209
42506,1210
42570,1211
42640,1212
42685,1213
42717,1214
42726,1215
42739,1216
42820,1217
42890,1218
42923,1219
43050,1220
43051,1221
43081,1222
43107,1223
43157,1224
43194,1225
43209,1226
43210,1227
43242,1228
43303,1229
43317,1230
43322,1231
43353,1232
43387,1233
43450,1234
43516,1235
43527,1236
43533,1237
43545,1238
43552,1239
43563,1240
43618,1241
43639,1242
43649,1243
43661,1244
43682,1245
43729,1246
43746,1247
43756,1248
43800,1249
43878,1250
43924,1251
43934,1252
44030,1253
44046,1254
44053,1255
44070,1256
44086,1257
44144,1258
44153,1259
44172,1260
44230,1261
44234,1262
44235,1263
44296,1264
44329,1265
44333,1266
44343,1267
44353,1268
44364,1269
44384,1270
44420,1271
44429,1272
44433,1273
44475,1274
44481,1275
44492,1276
44501,1277
44594,1278
44710,1279
44748,1280
44813,1281
44831,1282
44855,1283
44892,1284
44928,1285
44963,1286
44971,1287
44998,1288
45011,1289
45015,1290
45016,1291
45039,1292
45120,1293
45125,1294
45144,1295
45189,1296
45225,1297
45269,1298
45298,1299
45316,1300
45614,1301
45648,1302
45660,1303
45663,1304
45666,1305
45684,1306
45727,1307
45785,1308
45787,1309
45861,1310
45874,1311
45876,1312
45919,1313
45963,1314
45974,1315
45977,1316
46002,1317
46070,1318
46072,1319
46095,1320
46104,1321
46125,1322
46139,1323
46190,1324
46231,1325
46239,1326
46338,1327
46368,1328
46396,1329
46470,1330
46555,1331
46575,1332
46577,1333
46599,1334
46636,1335
46645,1336
46763,1337
46906,1338
46954,1339
46975,1340
46977,1341
47014,1342
47015,1343
47080,1344
47089,1345
47142,1346
47154,1347
47194,1348
47227,1349
47241,1350
47268,1351
47357,1352
47414,1353
47430,1354
47534,1355
47581,1356
47602,1357
47635,1358
47687,1359
47700,1360
47701,1361
47733,1362
47773,1363
47821,1364
47828,1365
47843,1366
47852,1367
47877,1368
47889,1369
47935,1370
47941,1371
47978,1372
47985,1373
47997,1374
48033,1375
48036,1376
48059,1377
48085,1378
48089,1379
48098,1380
48114,1381
48134,1382
48152,1383
48251,1384
48390,1385
48460,1386
48487,1387
48520,1388
48527,1389
48568,1390
48569,1391
48582,1392
48712,1393
48722,1394
48770,1395
48806,1396
48815,1397
48816,1398
48821,1399
48906,1400
48909,1401
49075,1402
49091,1403
49208,1404
49214,1405
49229,1406
49243,1407
49258,1408
49259,1409
49276,1410
49277,1411
49284,1412
49300,1413
49363,1414
49365,1415
49490,1416
49499,1417
49505,1418
49508,1419
49517,1420
49554,1421
49602,1422
49646,1423
49663,1424
49690,1425
49817,1426
49830,1427
49863,1428
50018,1429
50019,1430
50064,1431
50179,1432
50201,1433
50219,1434
50236,1435
50436,1436
50441,1437
50466,1438
50473,1439
50505,1440
50509,1441
50566,1442
50567,1443
50621,1444
50634,1445
50687,1446
50721,1447
50751,1448
50789,1449
50793,1450
50808,1451
51057,1452
51075,1453
51189,1454
51199,1455
51266,1456
51314,1457
51447,1458
51456,1459
51491,1460
51536,1461
51537,1462
51539,1463
51558,1464
51567,1465
51587,1466
51589,1467
51616,1468
51650,1469
51660,1470
51663,1471
51703,1472
51745,1473
51789,1474
51825,1475
51832,1476
51839,1477
51859,1478
51952,1479
51957,1480
51978,1481
51980,1482
51991,1483
51995,1484
52004,1485
52009,1486
52027,1487
52041,1488
52075,1489
52091,1490
52111,1491
52119,1492
52223,1493
52231,1494
52236,1495
52242,1496
52248,1497
52260,1498
52263,1499
52269,1500
52292,1501
52311,1502
52334,1503
52368,1504
52409,1505
52457,1506
52470,1507
52479,1508
52499,1509
52520,1510
52600,1511
52649,1512
52650,1513
52657,1514
52661,1515
52685,1516
52697,1517
52698,1518
52719,1519
52760,1520
52780,1521
52814,1522
52860,1523
53069,1524
53156,1525
53188,1526
53244,1527
53275,1528
53305,1529
53346,1530
53358,1531
53380,1532
53413,1533
53430,1534
53504,1535
53523,1536
53539,1537
53545,1538
53652,1539
53694,1540
53709,1541
53720,1542
53830,1543
53847,1544
53848,1545
53872,1546
53873,1547
53888,1548
53930,1549
53998,1550
54057,1551
54075,1552
54107,1553
54114,1554
54126,1555
54262,1556
54270,1557
54305,1558
54429,1559
54431,1560
54496,1561
54510,1562
54537,1563
54560,1564
54574,1565
54599,1566
54612,1567
54621,1568
54638,1569
54642,1570
54713,1571
54730,1572
54819,1573
54838,1574
54883,1575
54889,1576
54900,1577
54904,1578
54908,1579
54910,1580
54960,1581
54985,1582
54998,1583
55008,1584
55061,1585
55090,1586
55136,1587
55153,1588
55202,1589
55222,1590
55235,1591
55315,1592
55347,1593
55389,1594
55414,1595
55425,1596
55441,1597
55504,1598
55569,1599
55593,1600
55661,1601
55704,1602
55730,1603
55738,1604
55761,1605
55765,1606
55817,1607
55843,1608
55903,1609
55985,1610
56115,1611
56182,1612
56220,1613
56226,1614
56257,1615
56273,1616
56284,1617
56308,1618
56333,1619
56354,1620
56365,1621
56367,1622
56380,1623
56421,1624
56451,1625
56458,1626
56461,1627
56475,1628
56500,1629
56570,1630
56574,1631
56595,1632
56662,1633
56687,1634
56758,1635
56847,1636
56867,1637
56879,1638
56883,1639
56896,1640
56908,1641
56959,1642
56961,1643
56969,1644
56978,1645
56980,1646
57050,1647
57073,1648
57147,1649
57151,1650
57152,1651
57199,1652
57263,1653
57284,1654
57302,1655
57341,1656
57345,1657
57387,1658
57409,1659
57411,1660
57434,1661
57506,1662
57516,1663
57585,1664
57638,1665
57716,1666
57733,1667
57742,1668
57764,1669
57814,1670
57825,1671
57866,1672
57921,1673
57937,1674
57978,1675
58000,1676
58069,1677
58088,1678
58127,1679
58166,1680
58173,1681
58179,1682
58184,1683
58186,1684
58192,1685
58272,1686
58296,1687
58300,1688
58393,1689
58426,1690
58483,1691
58498,1692
58515,1693
58531,1694
58541,1695
58576,1696
58580,1697
58612,1698
58614,1699
58633,1700
58730,1701
58788,1702
58922,1703
59104,1704
59121,1705
59152,1706
59165,1707
59245,1708
59295,1709
59300,1710
59414,1711
59416,1712
59417,1713
59447,1714
59477,1715
59575,1716
59629,1717
59695,1718
59706,1719
59767,1720
59814,1721
59856,1722
59858,1723
59909,1724
59935,1725
59939,1726
59971,1727
59978,1728
59979,1729
59991,1730
60003,1731
60012,1732
60016,1733
60140,1734
60159,1735
60215,1736
60264,1737
60292,1738
60325,1739
60361,1740
60367,1741
60398,1742
60427,1743
60429,1744
60447,1745
60457,1746
60460,1747
60536,1748
60590,1749
60655,1750
61017,1751
61050,1752
61122,1753
61168,1754
61213,1755
61224,1756
61277,1757
61325,1758
61339,1759
61364,1760
61408,1761
61509,1762
61563,1763
61588,1764
61624,1765
61633,1766
61678,1767
61693,1768
61711,1769
61737,1770
61787,1771
61864,1772
61923,1773
61981,1774
62003,1775
62061,1776
62113,1777
62116,1778
62118,1779
62190,1780
62314,1781
62335,1782
62368,1783
62435,1784
62449,1785
62507,1786
62517,1787
62533,1788
62619,1789
62633,1790
62714,1791
62716,1792
62739,1793
62755,1794
62815,1795
62897,1796
62901,1797
62925,1798
62936,1799
62986,1800
63008,1801
63013,1802
63046,1803
63080,1804
63094,1805
63141,1806
63249,1807
63256,1808
63331,1809
63370,1810
63478,1811
63551,1812
63555,1813
63599,1814
63618,1815
63643,1816
63689,1817
63734,1818
63781,1819
63828,1820
63830,1821
63834,1822
63875,1823
63880,1824
63883,1825
63886,1826
63930,1827
63954,1828
63985,1829
64052,1830
64060,1831
64110,1832
64150,1833
64191,1834
64239,1835
64260,1836
64271,1837
64279,1838
64364,1839
64385,1840
64477,1841
64482,1842
64493,1843
64505,1844
64572,1845
64607,1846
64648,1847
64689,1848
64715,1849
64734,1850
64843,1851
64857,1852
64882,1853
64890,1854
64918,1855
64920,1856
65005,1857
65011,1858
65021,1859
65055,1860
65087,1861
65155,1862
65164,1863
65196,1864
65250,1865
65256,1866
65303,1867
65366,1868
65374,1869
65401,1870
65409,1871
65413,1872
65421,1873
65432,1874
65462,1875
65661,1876
65670,1877
65687,1878
65712,1879
65740,1880
65792,1881
65867,1882
65874,1883
65928,1884
65938,1885
65971,1886
66004,1887
66012,1888
66028,1889
66049,1890
66086,1891
66092,1892
66115,1893
66192,1894
66263,1895
66279,1896
66320,1897
66401,1898
66455,1899
66482,1900
66578,1901
66633,1902
66635,1903
66649,1904
66712,1905
66756,1906
66854,1907
66870,1908
66899,1909
67075,1910
67149,1911
67185,1912
67202,1913
67271,1914
67278,1915
67288,1916
67307,1917
67380,1918
67493,1919
67525,1920
67544,1921
67747,1922
67771,1923
67819,1924
67886,1925
67967,1926
68026,1927
68035,1928
68115,1929
68121,1930
68146,1931
68213,1932
68233,1933
68252,1934
68424,1935
68435,1936
68476,1937
68483,1938
68544,1939
68558,1940
68575,1941
68589,1942
68606,1943
68625,1944
68674,1945
68701,1946
68788,1947
68811,1948
68812,1949
68839,1950
68848,1951
68878,1952
68961,1953
69087,1954
69169,1955
69180,1956
69261,1957
69318,1958
69409,1959
69470,1960
69597,1961
69645,1962
69662,1963
69728,1964
69772,1965
69817,1966
69852,1967
69896,1968
70035,1969
70040,1970
70046,1971
70068,1972
70123,1973
70136,1974
70159,1975
70171,1976
70201,1977
70226,1978
70232,1979
70252,1980
70311,1981
70412,1982
70515,1983
70525,1984
70568,1985
70570,1986
70585,1987
70592,1988
70601,1989
70641,1990
70677,1991
70770,1992
70822,1993
70835,1994
70838,1995
70854,1996
70855,1997
70883,1998
70936,1999
70940,2000
70984,2001
71119,2002
71121,2003
71138,2004
71180,2005
71181,2006
71217,2007
71264,2008
71325,2009
71326,2010
71328,2011
71330,2012
71374,2013
71381,2014
71394,2015
71407,2016
71413,2017
71421,2018
71432,2019
71458,2020
71467,2021
71474,2022
71491,2023
71502,2024
71509,2025
71622,2026
71680,2027
71694,2028
71704,2029
71788,2030
71833,2031
71972,2032
71975,2033
71979,2034
72008,2035
72180,2036
72212,2037
72252,2038
72269,2039
72276,2040
72281,2041
72308,2042
72341,2043
72480,2044
72536,2045
72659,2046
72679,2047
72685,2048
72702,2049
72714,2050
72715,2051
72735,2052
72830,2053
72846,2054
72860,2055
72891,2056
72925,2057
72956,2058
72988,2059
73024,2060
73026,2061
73028,2062
73056,2063
73080,2064
73097,2065
73202,2066
73304,2067
73355,2068
73379,2069
73489,2070
73540,2071
73611,2072
73650,2073
73746,2074
73821,2075
73873,2076
73899,2077
73980,2078
74055,2079
74058,2080
74073,2081
74098,2082
74102,2083
74136,2084
74142,2085
74170,2086
74175,2087
74182,2088
74196,2089
74208,2090
74222,2091
74245,2092
74252,2093
74303,2094
74307,2095
74318,2096
74360,2097
74487,2098
74492,2099
74531,2100
74559,2101
74601,2102
74633,2103
74666,2104
74735,2105
74748,2106
74893,2107
74917,2108
74928,2109
74937,2110
74966,2111
75001,2112
75014,2113
75031,2114
75093,2115
75094,2116
75117,2117
75120,2118
75121,2119
75145,2120
75176,2121
75199,2122
75221,2123
75255,2124
75257,2125
75270,2126
75277,2127
75282,2128
75347,2129
75396,2130
75466,2131
75480,2132
75486,2133
75573,2134
75618,2135
75654,2136
75677,2137
75737,2138
75837,2139
75842,2140
75843,2141
75902,2142
75905,2143
75933,2144
75941,2145
76097,2146
76153,2147
76201,2148
76232,2149
76273,2150
76420,2151
76471,2152
76486,2153
76524,2154
76539,2155
76562,2156
76578,2157
76630,2158
76667,2159
76706,2160
76722,2161
76724,2162
76751,2163
76797,2164
76829,2165
76874,2166
76911,2167
76930,2168
76941,2169
76958,2170
77018,2171
77025,2172
77058,2173
77106,2174
77122,2175
77162,2176
77204,2177
77235,2178
77297,2179
77351,2180
77441,2181
77460,2182
77463,2183
77476,2184
77484,2185
77533,2186
77629,2187
77641,2188
77657,2189
77696,2190
77834,2191
77836,2192
77872,2193
77999,2194
78007,2195
78026,2196
78040,2197
78047,2198
78064,2199
78144,2200
78253,2201
78259,2202
78293,2203
78302,2204
78356,2205
78393,2206
78411,2207
78473,2208
78512,2209
78521,2210
78527,2211
78564,2212
78615,2213
78632,2214
78666,2215
78717,2216
78744,2217
78866,2218
78911,2219
78917,2220
78945,2221
78954,2222
78973,2223
78986,2224
79054,2225
79074,2226
79109,2227
79131,2228
79167,2229
79168,2230
79186,2231
79205,2232
79238,2233
79272,2234
79278,2235
79315,2236
79318,2237
79352,2238
79366,2239
79372,2240
79393,2241
79440,2242
79447,2243
79514,2244
79570,2245
79601,2246
79868,2247
79873,2248
79942,2249
79965,2250
79982,2251
80034,2252
80077,2253
80084,2254
80097,2255
80105,2256
80175,2257
80185,2258
80275,2259
80285,2260
80288,2261
80302,2262
80325,2263
80337,2264
80392,2265
80475,2266
80479,2267
80542,2268
80585,2269
80618,2270
80623,2271
80860,2272
80879,2273
80899,2274
80920,2275
80939,2276
80946,2277
80949,2278
80951,2279
80970,2280
80989,2281
81082,2282
81114,2283
81117,2284
81182,2285
81196,2286
81197,2287
81212,2288
81223,2289
81259,2290
81267,2291
81376,2292
81396,2293
81397,2294
81435,2295
81485,2296
81487,2297
81531,2298
81551,2299
81568,2300
81583,2301
81598,2302
81614,2303
81637,2304
81644,2305
81653,2306
81706,2307
81741,2308
81749,2309
81758,2310
81765,2311
81838,2312
81843,2313
81946,2314
81959,2315
82110,2316
82115,2317
82122,2318
82178,2319
82202,2320
82301,2321
82307,2322
82351,2323
82361,2324
82417,2325
82418,2326
82434,2327
82497,2328
82502,2329
82509,2330
82661,2331
82668,2332
82677,2333
82683,2334
82714,2335
82873,2336
82893,2337
82927,2338
82991,2339
83008,2340
83024,2341
83075,2342
83122,2343
83133,2344
83331,2345
83350,2346
83376,2347
83418,2348
83422,2349
83512,2350
83546,2351
83556,2352
83579,2353
83594,2354
83600,2355
83613,2356
83631,2357
83671,2358
83674,2359
83680,2360
83737,2361
83772,2362
83780,2363
83823,2364
83855,2365
83866,2366
83918,2367
83947,2368
83973,2369
83984,2370
84087,2371
84116,2372
84136,2373
84151,2374
84165,2375
84285,2376
84288,2377
84322,2378
84359,2379
84365,2380
84372,2381
84441,2382
84452,2383
84476,2384
84541,2385
84545,2386
84551,2387
84583,2388
84614,2389
84618,2390
84641,2391
84648,2392
84660,2393
84706,2394
84716,2395
84733,2396
84752,2397
84792,2398
84804,2399
84889,2400
84890,2401
84899,2402
84958,2403
84962,2404
85107,2405
85148,2406
85226,2407
85238,2408
85244,2409
85321,2410
85376,2411
85440,2412
85446,2413
85495,2414
85554,2415
85581,2416
85584,2417
85599,2418
85613,2419
85621,2420
85672,2421
85700,2422
85717,2423
85763,2424
85792,2425
85811,2426
85833,2427
85852,2428
85893,2429
85969,2430
86043,2431
86131,2432
86152,2433
86204,2434
86211,2435
86302,2436
86332,2437
86471,2438
86474,2439
86504,2440
86519,2441
86525,2442
86529,2443
86563,2444
86592,2445
86656,2446
86694,2447
86739,2448
86761,2449
86768,2450
86872,2451
86877,2452
86891,2453
87143,2454
87372,2455
87381,2456
87383,2457
87428,2458
87495,2459
87502,2460
87514,2461
87529,2462
87530,2463
87561,2464
87586,2465
87786,2466
87794,2467
87797,2468
87817,2469
87895,2470
87918,2471
87931,2472
87953,2473
88044,2474
88144,2475
88145,2476
88190,2477
88214,2478
88231,2479
88266,2480
88267,2481
88288,2482
88294,2483
88312,2484
88342,2485
88360,2486
88448,2487
88518,2488
88546,2489
88604,2490
88664,2491
88727,2492
88738,2493
88739,2494
88756,2495
88798,2496
88805,2497
88818,2498
88820,2499
88821,2500
88833,2501
88836,2502
88870,2503
88875,2504
88898,2505
88937,2506
88947,2507
89010,2508
89081,2509
89153,2510
89212,2511
89242,2512
89299,2513
89360,2514
89371,2515
89402,2516
89471,2517
89495,2518
89497,2519
89500,2520
89508,2521
89527,2522
89621,2523
89729,2524
89757,2525
89799,2526
89806,2527
89815,2528
89850,2529
89869,2530
89875,2531
89909,2532
89987,2533
90085,2534
90091,2535
90107,2536
90145,2537
90156,2538
90167,2539
90181,2540
90219,2541
90256,2542
90315,2543
90444,2544
90453,2545
90474,2546
90481,2547
90497,2548
90558,2549
90618,2550
90649,2551
90709,2552
90727,2553
90773,2554
90781,2555
90790,2556
90803,2557
90808,2558
90883,2559
90896,2560
90907,2561
90918,2562
90931,2563
90938,2564
90963,2565
90972,2566
90974,2567
90998,2568
91011,2569
91185,2570
91193,2571
91225,2572
91231,2573
91238,2574
91246,2575
91279,2576
91301,2577
91357,2578
91402,2579
91412,2580
91435,2581
91478,2582
91484,2583
91548,2584
91583,2585
91622,2586
91643,2587
91725,2588
91810,2589
91900,2590
92042,2591
92104,2592
92137,2593
92207,2594
92231,2595
92238,2596
92242,2597
92358,2598
92526,2599
92562,2600
92683,2601
92692,2602
92706,2603
92773,2604
92774,2605
92785,2606
92838,2607
92863,2608
92876,2609
92885,2610
92934,2611
93009,2612
93016,2613
93090,2614
93120,2615
93146,2616
93157,2617
93273,2618
93310,2619
93316,2620
93350,2621
93392,2622
93414,2623
93447,2624
93516,2625
93527,2626
93533,2627
93599,2628
93662,2629
93669,2630
93682,2631
93692,2632
93699,2633
93710,2634
93895,2635
93898,2636
93956,2637
94006,2638
94029,2639
94036,2640
94076,2641
94092,2642
94130,2643
94196,2644
94247,2645
94278,2646
94299,2647
94316,2648
94326,2649
94377,2650
94391,2651
94504,2652
94583,2653
94591,2654
94595,2655
94598,2656
94633,2657
94667,2658
94671,2659
94680,2660
94687,2661
94688,2662
94700,2663
94706,2664
94736,2665
94890,2666
94891,2667
94909,2668
94953,2669
94957,2670
94961,2671
94976,2672
94985,2673
95238,2674
95271,2675
95290,2676
95327,2677
95360,2678
95414,2679
95447,2680
95451,2681
95500,2682
95512,2683
95560,2684
95607,2685
95629,2686
95692,2687
95694,2688
95728,2689
95750,2690
95789,2691
95823,2692
95841,2693
95897,2694
95904,2695
95924,2696
95934,2697
95960,2698
95971,2699
95972,2700
95985,2701
95987,2702
96132,2703
96164,2704
96168,2705
96180,2706
96182,2707
96224,2708
96225,2709
96226,2710
96296,2711
96318,2712
96348,2713
96378,2714
96505,2715
96536,2716
96541,2717
96553,2718
96613,2719
96618,2720
96695,2721
96749,2722
96838,2723
96848,2724
96873,2725
96885,2726
96891,2727
96929,2728
96952,2729
96966,2730
96969,2731
97059,2732
97112,2733
97146,2734
97198,2735
97231,2736
97260,2737
97297,2738
97309,2739
97342,2740
97347,2741
97398,2742
97435,2743
97479,2744
97521,2745
97528,2746
97653,2747
97661,2748
97701,2749
97744,2750
97761,2751
97804,2752
97806,2753
97817,2754
97826,2755
97853,2756
97881,2757
97894,2758
97904,2759
97961,2760
98139,2761
98206,2762
98251,2763
98271,2764
98303,2765
98369,2766
98410,2767
98412,2768
98443,2769
98471,2770
98543,2771
98652,2772
98756,2773
98789,2774
98800,2775
98880,2776
98886,2777
98892,2778
98893,2779
98913,2780
98954,2781
98982,2782
99148,2783
99175,2784
99270,2785
99290,2786
99321,2787
99486,2788
99499,2789
99506,2790
99517,2791
99523,2792
99549,2793
99631,2794
99643,2795
99648,2796
99686,2797
99689,2798
99706,2799
99711,2800
99734,2801
99849,2802
99871,2803
99893,2804
99941,2805
99942,2806
99952,2807
99981,2808
99998,2809
100036,2810
100058,2811
100091,2812
100165,2813
100168,2814
100227,2815
100249,2816
100277,2817
100358,2818
100366,2819
100384,2820
100390,2821
100420,2822
100438,2823
100452,2824
100464,2825
100471,2826
100476,2827
100487,2828
100528,2829
100596,2830
100612,2831
100619,2832
100718,2833
100727,2834
100803,2835
100806,2836
100845,2837
100864,2838
100895,2839
100940,2840
101032,2841
101040,2842
101044,2843
101050,2844
101096,2845
101155,2846
101171,2847
101197,2848
101218,2849
101333,2850
101405,2851
101452,2852
101468,2853
101469,2854
101554,2855
101557,2856
101569,2857
101622,2858
101640,2859
101675,2860
101703,2861
101725,2862
101727,2863
101739,2864
101767,2865
101789,2866
101921,2867
101970,2868
101978,2869
102025,2870
102093,2871
102118,2872
102148,2873
102218,2874
102254,2875
102319,2876
102349,2877
102376,2878
102388,2879
102442,2880
102457,2881
102459,2882
102497,2883
102532,2884
102570,2885
102576,2886
102599,2887
102680,2888
102716,2889
102748,2890
102820,2891
102853,2892
102871,2893
102911,2894
102954,2895
102998,2896
103001,2897
103016,2898
103018,2899
103068,2900
103096,2901
103132,2902
103175,2903
103201,2904
103213,2905
103268,2906
103312,2907
103317,2908
103439,2909
103465,2910
103584,2911
103618,2912
103645,2913
103696,2914
103764,2915
103768,2916
103776,2917
103860,2918
103894,2919
103906,2920
103970,2921
104000,2922
104010,2923
104061,2924
104075,2925
104162,2926
104185,2927
104276,2928
104331,2929
104345,2930
104347,2931
104437,2932
104511,2933
104556,2934
104560,2935
104576,2936
104608,2937
104753,2938
104755,2939
104803,2940
104812,2941
104824,2942
104876,2943
104887,2944
104916,2945
104963,2946
104988,2947
105050,2948
105053,2949
105070,2950
105085,2951
105086,2952
105098,2953
105115,2954
105138,2955
105168,2956
105175,2957
105227,2958
105333,2959
105357,2960
105396,2961
105419,2962
105457,2963
105458,2964
105497,2965
105531,2966
105536,2967
105547,2968
105553,2969
105594,2970
105621,2971
105659,2972
105669,2973
105672,2974
105675,2975
105782,2976
105811,2977
105864,2978
105872,2979
106032,2980
106043,2981
106132,2982
106147,2983
106167,2984
106177,2985
106180,2986
106207,2987
106208,2988
106236,2989
106290,2990
106380,2991
106394,2992
106426,2993
106441,2994
106444,2995
106476,2996
106549,2997
106624,2998
106635,2999
106680,3000
106687,3001
106701,3002
106712,3003
106729,3004
106755,3005
106776,3006
106802,3007
106826,3008
106887,3009
106955,3010
106989,3011
107073,3012
107078,3013
107095,3014
107130,3015
107250,3016
107277,3017
107278,3018
107288,3019
107378,3020
107400,3021
107427,3022
107477,3023
107499,3024
107508,3025
107554,3026
107585,3027
107589,3028
107640,3029
107684,3030
107702,3031
107776,3032
107859,3033
107861,3034
107964,3035
107979,3036
107992,3037
108026,3038
108028,3039
108086,3040
108142,3041
108159,3042
108160,3043
108175,3044
108180,3045
108187,3046
108248,3047
108362,3048
108381,3049
108419,3050
108442,3051
108446,3052
108458,3053
108474,3054
108480,3055
108583,3056
108595,3057
108609,3058
108658,3059
108667,3060
108763,3061
108820,3062
108856,3063
108870,3064
108904,3065
108930,3066
108967,3067
109002,3068
109076,3069
109093,3070
109096,3071
109102,3072
109210,3073
109223,3074
109258,3075
109286,3076
109303,3077
109332,3078
109442,3079
109458,3080
109491,3081
109522,3082
109524,3083
109569,3084
109648,3085
109745,3086
109764,3087
109773,3088
109788,3089
109871,3090
109901,3091
109915,3092
109933,3093
109961,3094
109966,3095
109970,3096
109985,3097
110002,3098
110004,3099
110025,3100
110064,3101
110115,3102
110128,3103
110139,3104
110148,3105
110317,3106
110341,3107
110345,3108
110346,3109
110378,3110
110383,3111
110449,3112
110499,3113
110507,3114
110547,3115
110570,3116
110588,3117
110651,3118
110706,3119
110772,3120
110783,3121
110790,3122
110896,3123
110906,3124
111013,3125
111088,3126
111095,3127
111099,3128
111113,3129
111135,3130
111159,3131
111171,3132
111204,3133
111231,3134
111249,3135
111324,3136
111333,3137
111360,3138
111386,3139
111412,3140
111460,3141
111472,3142
111473,3143
111499,3144
111551,3145
111593,3146
111596,3147
111623,3148
111650,3149
111687,3150
111703,3151
111713,3152
111746,3153
111761,3154
111806,3155
111818,3156
111827,3157
111850,3158
111949,3159
111959,3160
111960,3161
111963,3162
111975,3163
112016,3164
112027,3165
112049,3166
112058,3167
112112,3168
112203,3169
112230,3170
112231,3171
112232,3172
112237,3173
112242,3174
112293,3175
112319,3176
112363,3177
112415,3178
112418,3179
112423,3180
112478,3181
112488,3182
112524,3183
112594,3184
112676,3185
112736,3186
112745,3187
112852,3188
112861,3189
112966,3190
112986,3191
113021,3192
113030,3193
113081,3194
113144,3195
113145,3196
113154,3197
113181,3198
113209,3199
113228,3200
113249,3201
113259,3202
113360,3203
113365,3204
113372,3205
113432,3206
113444,3207
113540,3208
113615,3209
113630,3210
113677,3211
113696,3212
113722,3213
113734,3214
113770,3215
113772,3216
113786,3217
113909,3218
113923,3219
113988,3220
114065,3221
114112,3222
114384,3223
114427,3224
114452,3225
114468,3226
114478,3227
114499,3228
114502,3229
114519,3230
114524,3231
114531,3232
114561,3233
114570,3234
114601,3235
114606,3236
114624,3237
114754,3238
114763,3239
114771,3240
114933,3241
114979,3242
115066,3243
115112,3244
115116,3245
115134,3246
115147,3247
115164,3248
115190,3249
115265,3250
115275,3251
115353,3252
115372,3253
115393,3254
115422,3255
115433,3256
115475,3257
115495,3258
115496,3259
115504,3260
115533,3261
115565,3262
115570,3263
115611,3264
115620,3265
115625,3266
115669,3267
115697,3268
115768,3269
115822,3270
115843,3271
115846,3272
115852,3273
115883,3274
115921,3275
115934,3276
115952,3277
115955,3278
115966,3279
115992,3280
116001,3281
116024,3282
116035,3283
116049,3284
116053,3285
116057,3286
116189,3287
116198,3288
116204,3289
116263,3290
116287,3291
116349,3292
116361,3293
116373,3294
116399,3295
116497,3296
116510,3297
116548,3298
116619,3299
116638,3300
116708,3301
116730,3302
116773,3303
116806,3304
116852,3305
116957,3306
116960,3307
116984,3308
116987,3309
117004,3310
117007,3311
117054,3312
117063,3313
117143,3314
117144,3315
117151,3316
117154,3317
117259,3318
117269,3319
117278,3320
117289,3321
117315,3322
117337,3323
117396,3324
117466,3325
117497,3326
117508,3327
117510,3328
117561,3329
117660,3330
117675,3331
117681,3332
117718,3333
117732,3334
117763,3335
117776,3336
117813,3337
117853,3338
117880,3339
117971,3340
117984,3341
117988,3342
118043,3343
118060,3344
118098,3345
118106,3346
118126,3347
118155,3348
118199,3349
118213,3350
118239,3351
118318,3352
118325,3353
118334,3354
118416,3355
118465,3356
118469,3357
118495,3358
118672,3359
118698,3360
118806,3361
118841,3362
118884,3363
118941,3364
119017,3365
119134,3366
119157,3367
119197,3368
119220,3369
119223,3370
119259,3371
119278,3372
119367,3373
119385,3374
119393,3375
119403,3376
119455,3377
119458,3378
119465,3379
119466,3380
119491,3381
119501,3382
119515,3383
119531,3384
119580,3385
119600,3386
119655,3387
119704,3388
119757,3389
119781,3390
119834,3391
119837,3392
119854,3393
119861,3394
119869,3395
119969,3396
119989,3397
120025,3398
120040,3399
120133,3400
120244,3401
120287,3402
120308,3403
120348,3404
120433,3405
120499,3406
120524,3407
120572,3408
120575,3409
120596,3410
120609,3411
120617,3412
120620,3413
120647,3414
120655,3415
120691,3416
120707,3417
120748,3418
120751,3419
120781,3420
120782,3421
120842,3422
120856,3423
120917,3424
120937,3425
120961,3426
121055,3427
121169,3428
121280,3429
121350,3430
121377,3431
121404,3432
121415,3433
121487,3434
121488,3435
121497,3436
121508,3437
121535,3438
121553,3439
121567,3440
121631,3441
121650,3442
121653,3443
121666,3444
121692,3445
121760,3446
121917,3447
121918,3448
121987,3449
122027,3450
122044,3451
122058,3452
122064,3453
122079,3454
122117,3455
122129,3456
122187,3457
122219,3458
122232,3459
122244,3460
122266,3461
122301,3462
122310,3463
122319,3464
122368,3465
122374,3466
122514,3467
122523,3468
122529,3469
122537,3470
122557,3471
122565,3472
122587,3473
122604,3474
122606,3475
122673,3476
122735,3477
122811,3478
122868,3479
122880,3480
122925,3481
123104,3482
123176,3483
123201,3484
123206,3485
123258,3486
123260,3487
123297,3488
123303,3489
123335,3490
123352,3491
123376,3492
123434,3493
123490,3494
123613,3495
123617,3496
123641,3497
123652,3498
123664,3499
123669,3500
123683,3501
123754,3502
123759,3503
123869,3504
123872,3505
123876,3506
123885,3507
123910,3508
123918,3509
123929,3510
123997,3511
124015,3512
124241,3513
124257,3514
124263,3515
124322,3516
124413,3517
124431,3518
124449,3519
124453,3520
124454,3521
124460,3522
124524,3523
124533,3524
124604,3525
124646,3526
124657,3527
124719,3528
124752,3529
124768,3530
124905,3531
124943,3532
124963,3533
124979,3534
124998,3535
125012,3536
125025,3537
125063,3538
125065,3539
125165,3540
125222,3541
125250,3542
125297,3543
125315,3544
125317,3545
125337,3546
125395,3547
125488,3548
125493,3549
125513,3550
125519,3551
125536,3552
125541,3553
125587,3554
125639,3555
125646,3556
125649,3557
125659,3558
125684,3559
125690,3560
125695,3561
125759,3562
125777,3563
125794,3564
125818,3565
125821,3566
125828,3567
125869,3568
125892,3569
125928,3570
125968,3571
125978,3572
126026,3573
126184,3574
126251,3575
126354,3576
126423,3577
126451,3578
126491,3579
126552,3580
126623,3581
126643,3582
126667,3583
126688,3584
126782,3585
126796,3586
126867,3587
126881,3588
126917,3589
126989,3590
127063,3591
127120,3592
127121,3593
127138,3594
127165,3595
127252,3596
127256,3597
127260,3598
127327,3599
127342,3600
127424,3601
127477,3602
127501,3603
127559,3604
127572,3605
127586,3606
127601,3607
127689,3608
127719,3609
127736,3610
127779,3611
127798,3612
127862,3613
127948,3614
127969,3615
127995,3616
128087,3617
128112,3618
128138,3619
128140,3620
128176,3621
128200,3622
128233,3623
128250,3624
128258,3625
128259,3626
128263,3627
128264,3628
128301,3629
128309,3630
128323,3631
128332,3632
128356,3633
128480,3634
128546,3635
128562,3636
128611,3637
128647,3638
128671,3639
128745,3640
128781,3641
128803,3642
128804,3643
128879,3644
128903,3645
128919,3646
128992,3647
129020,3648
129028,3649
129184,3650
129227,3651
129235,3652
129498,3653
129583,3654
129589,3655
129605,3656
129622,3657
129721,3658
129734,3659
129802,3660
129865,3661
129897,3662
129993,3663
130096,3664
130111,3665
130130,3666
130193,3667
130262,3668
130280,3669
130285,3670
130420,3671
130446,3672
130459,3673
130472,3674
130477,3675
130517,3676
130600,3677
130627,3678
130636,3679
130685,3680
130716,3681
130739,3682
130746,3683
130756,3684
130781,3685
130784,3686
130796,3687
130822,3688
130826,3689
130836,3690
130845,3691
130877,3692
130951,3693
130978,3694
130990,3695
130992,3696
131040,3697
131050,3698
131054,3699
131056,3700
131134,3701
131152,3702
131167,3703
131168,3704
131169,3705
131173,3706
131227,3707
131261,3708
131360,3709
131364,3710
131407,3711
131438,3712
131470,3713
131511,3714
131512,3715
131551,3716
131577,3717
131585,3718
131651,3719
131658,3720
131730,3721
131753,3722
131829,3723
131835,3724
131900,3725
131904,3726
131955,3727
131965,3728
131967,3729
132009,3730
132062,3731
132073,3732
132082,3733
132091,3734
132146,3735
132160,3736
132170,3737
132185,3738
132297,3739
132314,3740
132339,3741
132377,3742
132386,3743
132393,3744
132509,3745
132595,3746
132598,3747
132603,3748
132629,3749
132631,3750
132656,3751
132694,3752
132789,3753
132904,3754
132985,3755
133018,3756
133025,3757
133036,3758
133047,3759
133146,3760
133171,3761
133217,3762
133246,3763
133292,3764
133324,3765
133430,3766
133594,3767
133614,3768
133620,3769
133684,3770
133701,3771
133738,3772
133756,3773
133811,3774
133867,3775
133903,3776
133910,3777
133925,3778
134026,3779
134027,3780
134069,3781
134156,3782
134210,3783
134213,3784
134274,3785
134290,3786
134321,3787
134370,3788
134499,3789
134503,3790
134524,3791
134552,3792
134567,3793
134593,3794
134637,3795
134651,3796
134666,3797
134690,3798
134701,3799
134703,3800
134728,3801
134773,3802
134864,3803
135011,3804
135032,3805
135049,3806
135071,3807
135186,3808
135277,3809
135320,3810
135353,3811
135418,3812
135543,3813
135556,3814
135670,3815
135714,3816
135718,3817
135722,3818
135747,3819
135765,3820
135780,3821
135806,3822
135828,3823
135860,3824
135880,3825
135891,3826
135987,3827
136037,3828
136047,3829
136053,3830
136054,3831
136070,3832
136074,3833
136196,3834
136206,3835
136268,3836
136278,3837
136344,3838
136426,3839
136428,3840
136449,3841
136493,3842
136541,3843
136548,3844
136571,3845
136599,3846
136607,3847
136626,3848
136660,3849
136666,3850
136684,3851
136690,3852
136792,3853
136795,3854
136941,3855
136946,3856
136989,3857
137025,3858
137030,3859
137031,3860
137055,3861
137076,3862
137118,3863
137129,3864
137163,3865
137185,3866
137202,3867
137227,3868
137249,3869
137277,3870
137301,3871
137322,3872
137389,3873
137407,3874
137433,3875
137446,3876
137500,3877
137717,3878
137746,3879
137805,3880
137879,3881
137924,3882
138063,3883
138068,3884
138070,3885
138103,3886
138126,3887
138148,3888
138164,3889
138165,3890
138166,3891
138177,3892
138186,3893
138187,3894
138231,3895
138271,3896
138280,3897
138299,3898
138301,3899
138380,3900
138406,3901
138414,3902
